<core:FragmentDefinition xmlns="sap.m" xmlns:core="sap.ui.core">
    <Dialog xmlns="sap.m" xmlns:core="sap.ui.core" xmlns:table="sap.ui.table" xmlns:plugins="sap.ui.table.plugins">
        <table:TreeTable
            id="firstTabl"    class="plant1WTable"        
            rows="{ path: '/Standards_Module',
            
            parameters: {   
							expand:'toStandards_Module', 
							navigation:{'Standards_Module': 'toStandards_Module'},
							 countMode: 'Inline',
							 treeAnnotationProperties : 
							 	{
									hierarchyLevelFor : 'HierarchyLevel',
									hierarchyNodeFor : 'id',
									hierarchyParentNodeFor : 'ParentNodeID',
									hierarchyDrillStateFor : 'DrillState'
                				}
                                }
				  }"
        >
           <!-- <table:plugins>
                <plugins:MultiSelectionPlugin limit="{path: 'config>/limit', type: 'sap.ui.model.type.Integer'}" enableNotification="true" showHeaderSelector="{config>/showHeaderSelector}" selectionChange="onRowSelect" />
            </table:plugins>-->
            <table:extension>
                <OverflowToolbar style="Clear">
                    <Title id="title" text="GRI Standards"/>
                   <ToolbarSpacer/>                    
                   <Button text="Collapse all" press="onCollapseAll"/>
                    <Button text="Collapse selection" press="onCollapseSelection"/>
                    <Button text="Expand first level" press="onExpandFirstLevel"/>
                    <Button text="Expand selection" press="onExpandSelection"/>
                    <Button text="OK" press="onPressOkGRI"/>
                    <Button text="Cancel" press="onPressCancelGRI"/>
                </OverflowToolbar>
            </table:extension>
            <table:columns>
                <table:Column label="GRI" >
                    <table:template >
                        <Text text="{Description}" wrapping="false"/>
                    </table:template>
                </table:Column>
              <!--  <table:Column label="NodeID">
                    <table:template>
                        <Text text="{id}" wrapping="false" />
                    </table:template>
                </table:Column>
                <table:Column label="ParentNodeID">
                    <table:template>
                        <Text text="{ParentNodeID}" wrapping="false" />
                    </table:template>
                </table:Column>-->
            </table:columns>
        </table:TreeTable>
    </Dialog>
</core:FragmentDefinition>
