<core:FragmentDefinition xmlns="sap.m" xmlns:core="sap.ui.core" xmlns:f="sap.f" xmlns:form="sap.ui.layout.form" xmlns:uni="sap.ui.unified" xmlns:uxap="sap.uxap" xmlns:u="sap.ui.unified">
    <Table id="SocialTableK" alternateRowColors="true" growing="true" width="90%" sticky="ColumnHeaders,HeaderToolbar,InfoToolbar" items="{path: 'SocialModel>/results'}" mode="MultiSelect">
        <headerToolbar />
        <infoToolbar>
            <OverflowToolbar>
                <ToolbarSpacer />
                <Button icon="sap-icon://add" press="OnPressAddNewEntry" tooltip="Add New Entry" />
            </OverflowToolbar>
        </infoToolbar>
        <columns>
            <Column>
                <Text id="ColHeaderSocialTableK" text="Gender" />
            </Column>
            <Column hAlign="Center">
                <Text text="Entitled Parental leave" />
            </Column>
            <Column hAlign="Center">
                <Text text="Took Parental leave" />
            </Column>
            <Column hAlign="Center">
                <Text text="Returned to Work after leave" />
            </Column>
            <Column hAlign="Center">
                <Text text="Still Employed after return to Work" />
            </Column>
        </columns>
        <items>
            <ColumnListItem>
                <cells>
                    <!--
                        <Input value="{SocialModel>Identifier}" width="15em"/>
                        <Input value="{SocialModel>Emp_Entitled_leave}" width="10em" type="Number" tooltip="Only digits"/>
                        <Input value="{SocialModel>Emp_Took_Leave}" width="10em" type="Number" tooltip="Only digits"/>  
                        <Input value="{SocialModel>Emp_Returned_To_Work}" width="10em" type="Number" tooltip="Only digits"/>  
                        <Input value="{SocialModel>Emp_Still_Employed}" width="10em" type="Number" tooltip="Only digits"/>  

-->
                    <HBox>
                        <Text text="{SocialModel>Identifier}" width="20em" visible="{parts: [{path: 'SocialModel>isNewRow'}, {path: 'SocialModel>isEditableRow'}, {path: 'SocialModel>isExistingRow'}],
                                formatter: '.formatPKeyField'}" editable="false" />

                        <Input value="{SocialModel>Identifier}" width="20em" visible="{SocialModel>isNewRow}" />
                    </HBox>

                    <HBox>
                        <Text text="{SocialModel>Emp_Entitled_leave}" width="10em" visible="{parts: [{path: 'SocialModel>isNewRow'}, {path: 'SocialModel>isEditableRow'}, {path: 'SocialModel>isExistingRow'}],
                                formatter: '.formatDisplayField'}" editable="false" />
                        <Input
                            value="{SocialModel>Emp_Entitled_leave}"
                            width="10em"
                            type="Number"
                            tooltip="Only digits"
                            editable="true"
                            visible="{parts: [{path: 'SocialModel>isNewRow'}, {path: 'SocialModel>isEditableRow'}, {path: 'SocialModel>isExistingRow'}],
                                formatter: '.formatEditField'}"
                        />
                    </HBox>
                    <HBox>
                        <Text text="{SocialModel>Emp_Took_Leave}" width="10em" visible="{parts: [{path: 'SocialModel>isNewRow'}, {path: 'SocialModel>isEditableRow'}, {path: 'SocialModel>isExistingRow'}],
                                formatter: '.formatDisplayField'}" editable="false" />
                        <Input
                            value="{SocialModel>Emp_Took_Leave}"
                            width="10em"
                            type="Number"
                            tooltip="Only digits"
                            editable="true"
                            visible="{parts: [{path: 'SocialModel>isNewRow'}, {path: 'SocialModel>isEditableRow'}, {path: 'SocialModel>isExistingRow'}],
                                formatter: '.formatEditField'}"
                        />
                    </HBox>

                    <HBox>
                        <Text text="{SocialModel>Emp_Returned_To_Work}" width="10em" visible="{parts: [{path: 'SocialModel>isNewRow'}, {path: 'SocialModel>isEditableRow'}, {path: 'SocialModel>isExistingRow'}],
                                formatter: '.formatDisplayField'}" editable="false" />
                        <Input
                            value="{SocialModel>Emp_Returned_To_Work}"
                            width="10em"
                            type="Number"
                            tooltip="Only digits"
                            editable="true"
                            visible="{parts: [{path: 'SocialModel>isNewRow'}, {path: 'SocialModel>isEditableRow'}, {path: 'SocialModel>isExistingRow'}],
                                formatter: '.formatEditField'}"
                        />
                    </HBox>

                    <HBox>
                        <Text text="{SocialModel>Emp_Still_Employed}" width="10em" visible="{parts: [{path: 'SocialModel>isNewRow'}, {path: 'SocialModel>isEditableRow'}, {path: 'SocialModel>isExistingRow'}],
                                formatter: '.formatDisplayField'}" editable="false" />
                        <Input
                            value="{SocialModel>Emp_Still_Employed}"
                            width="10em"
                            type="Number"
                            tooltip="Only digits"
                            editable="true"
                            visible="{parts: [{path: 'SocialModel>isNewRow'}, {path: 'SocialModel>isEditableRow'}, {path: 'SocialModel>isExistingRow'}],
                                formatter: '.formatEditField'}"
                        />
                    </HBox>
                </cells>
            </ColumnListItem>
        </items>
    </Table>
</core:FragmentDefinition>
