<core:FragmentDefinition xmlns="sap.m" xmlns:core="sap.ui.core" xmlns:f="sap.f" xmlns:form="sap.ui.layout.form" xmlns:uni="sap.ui.unified" xmlns:uxap="sap.uxap" xmlns:u="sap.ui.unified">
    <Table id="SocialTableD" alternateRowColors="true" growing="true" width="90%" sticky="ColumnHeaders,HeaderToolbar,InfoToolbar" items="{path: 'SocialModel>/results'}" mode="MultiSelect">
        <headerToolbar />
        <infoToolbar>
            <OverflowToolbar>
                <ToolbarSpacer />
                <Button icon="sap-icon://add" press="OnPressAddNewEntry" tooltip="Add New Entry" />
            </OverflowToolbar>
        </infoToolbar>
        <columns>
            <Column>
                <!--   <Text text="Significant operational change"></Text>-->
                <Text id="ColHeaderSocialTableD" text="Significant operational change" />
            </Column>
            <Column hAlign="Center">
                <Text text="No. of weeks of notice provided before implementation of significant operational changes" />
            </Column>
        </columns>
        <items>
            <ColumnListItem>
                <cells>
                    <!--
 <Input value="{SocialModel>OperationalChge}" width="25em"/>
                        <Input value="{SocialModel>NoOfWeeks}" width="10em" type="Number" tooltip="Only digits"/>

                    -->

                    <HBox>
                        <Text text="{SocialModel>OperationalChge}" width="20em" visible="{parts: [{path: 'SocialModel>isNewRow'}, {path: 'SocialModel>isEditableRow'}, {path: 'SocialModel>isExistingRow'}],
                                formatter: '.formatPKeyField'}" editable="false" />

                        <Input value="{SocialModel>OperationalChge}" width="20em" visible="{SocialModel>isNewRow}" />
                    </HBox>

                    <HBox>
                        <Text text="{SocialModel>NoOfWeeks}" width="20em" visible="{parts: [{path: 'SocialModel>isNewRow'}, {path: 'SocialModel>isEditableRow'}, {path: 'SocialModel>isExistingRow'}],
                                formatter: '.formatDisplayField'}" editable="false" />
                        <Input
                            value="{SocialModel>NoOfWeeks}"
                            width="20em"
                            type="Number"
                            tooltip="Only digits"
                            editable="true"
                            visible="{parts: [{path: 'SocialModel>isNewRow'}, {path: 'SocialModel>isEditableRow'}, {path: 'SocialModel>isExistingRow'}],
                                formatter: '.formatEditField'}"
                        />
                    </HBox>
                </cells>
            </ColumnListItem>
        </items>
    </Table>
</core:FragmentDefinition>
