<core:FragmentDefinition xmlns="sap.m" xmlns:core="sap.ui.core" xmlns:f="sap.f" xmlns:form="sap.ui.layout.form" xmlns:uni="sap.ui.unified" xmlns:uxap="sap.uxap" xmlns:u="sap.ui.unified">
    <Table id="SocialTableI" alternateRowColors="true" growing="true" width="90%" sticky="ColumnHeaders,HeaderToolbar,InfoToolbar" items="{path: 'SocialModel>/results'}" mode="MultiSelect">
        <headerToolbar />
        <infoToolbar>
            <OverflowToolbar>
                <ToolbarSpacer />
                <Button icon="sap-icon://add" press="OnPressAddNewEntry" tooltip="Add New Entry" />
            </OverflowToolbar>
        </infoToolbar>
        <columns>
            <Column>
                <Text id="ColHeaderSocialTableI" text="" />
            </Column>
            <Column hAlign="Center">
                <Text text="No. of employees covered by an OHS system" />
            </Column>
            <Column hAlign="Center">
                <Text text="No. of employees covered by an internally audited OHS system" />
            </Column>
            <Column hAlign="Center">
                <Text text="No. of employees covered by a certified OHS system" />
            </Column>
        </columns>
        <items>
            <ColumnListItem>
                <cells>
                    
                    <!--
                        <Input value="{SocialModel>Identifier}" width="20em"/>
                        <Input value="{SocialModel>Covered_OHS}" width="10em" type="Number" tooltip="Only digits"/>
                        <Input value="{SocialModel>Covered_IAudit}" width="10em" type="Number" tooltip="Only digits"/>  
                        <Input value="{SocialModel>Certified_OHS}" width="10em" type="Number" tooltip="Only digits"/>  
                    -->

                    <HBox>
                        <Text text="{SocialModel>Identifier}" width="20em" visible="{parts: [{path: 'SocialModel>isNewRow'}, {path: 'SocialModel>isEditableRow'}, {path: 'SocialModel>isExistingRow'}],
                                formatter: '.formatPKeyField'}" editable="false" />

                        <Input value="{SocialModel>Identifier}" width="20em" visible="{SocialModel>isNewRow}" />
                    </HBox>

                    <HBox>
                        <Text text="{SocialModel>Covered_OHS}" width="20em" visible="{parts: [{path: 'SocialModel>isNewRow'}, {path: 'SocialModel>isEditableRow'}, {path: 'SocialModel>isExistingRow'}],
                                formatter: '.formatDisplayField'}" editable="false" />
                        <Input
                            value="{SocialModel>Covered_OHS}"
                            width="20em"
                            type="Number"
                            tooltip="Only digits"
                            editable="true"
                            visible="{parts: [{path: 'SocialModel>isNewRow'}, {path: 'SocialModel>isEditableRow'}, {path: 'SocialModel>isExistingRow'}],
                                formatter: '.formatEditField'}"
                        />
                    </HBox>
                    <HBox>
                        <Text text="{SocialModel>Covered_IAudit}" width="20em" visible="{parts: [{path: 'SocialModel>isNewRow'}, {path: 'SocialModel>isEditableRow'}, {path: 'SocialModel>isExistingRow'}],
                                formatter: '.formatDisplayField'}" editable="false" />
                        <Input
                            value="{SocialModel>Covered_IAudit}"
                            width="20em"
                            type="Number"
                            tooltip="Only digits"
                            editable="true"
                            visible="{parts: [{path: 'SocialModel>isNewRow'}, {path: 'SocialModel>isEditableRow'}, {path: 'SocialModel>isExistingRow'}],
                                formatter: '.formatEditField'}"
                        />
                    </HBox>

                    <HBox>
                        <Text text="{SocialModel>Certified_OHS}" width="20em" visible="{parts: [{path: 'SocialModel>isNewRow'}, {path: 'SocialModel>isEditableRow'}, {path: 'SocialModel>isExistingRow'}],
                                formatter: '.formatDisplayField'}" editable="false" />
                        <Input
                            value="{SocialModel>Certified_OHS}"
                            width="20em"
                            type="Number"
                            tooltip="Only digits"
                            editable="true"
                            visible="{parts: [{path: 'SocialModel>isNewRow'}, {path: 'SocialModel>isEditableRow'}, {path: 'SocialModel>isExistingRow'}],
                                formatter: '.formatEditField'}"
                        />
                    </HBox>
                </cells>
            </ColumnListItem>
        </items>
    </Table>
</core:FragmentDefinition>
