<core:FragmentDefinition xmlns="sap.m" xmlns:core="sap.ui.core" xmlns:f="sap.f" xmlns:form="sap.ui.layout.form" xmlns:uni="sap.ui.unified" xmlns:uxap="sap.uxap" xmlns:u="sap.ui.unified">
    <Table id="SocialTableE" alternateRowColors="true" growing="true" width="90%" sticky="ColumnHeaders,HeaderToolbar,InfoToolbar" items="{path: 'SocialModel>/results'}" mode="MultiSelect">
        <headerToolbar />
        <infoToolbar>
            <OverflowToolbar>
                <ToolbarSpacer />
                <Button icon="sap-icon://add" press="OnPressAddNewEntry" tooltip="Add New Entry" />
            </OverflowToolbar>
        </infoToolbar>
        <columns>
            <Column>
                <Text id="ColHeaderSocialTableE" text="" />
            </Column>
            <Column hAlign="Center">
                <Text text="No.of incidents of discrimination" />
            </Column>
            <Column hAlign="Center">
                <Text text="Incident reviewed by the organization" />
            </Column>
            <Column hAlign="Center">
                <Text text="Remediation plans being implemented" />
            </Column>
            <Column hAlign="Center" demandPopin="true">
                <Text text="Remediation plans that have been implemented, with results reviewed through routine
internal management review processes" />
            </Column>
            <Column demandPopin="true">
                <Text text="Incident no longer subject to action" />
            </Column>
        </columns>
        <items>
            <ColumnListItem>
                <cells>
                    <!--
                        <Input value="{SocialModel>Identifier}" width="12em"/>
                        <Input value="{SocialModel>NoOfIncidents}" width="10em" type="Number" tooltip="Only digits"/>
                        <Input value="{SocialModel>ReviewedBy}" width="10em" type="Number" tooltip="Only digits"/>
                        <Input value="{SocialModel>RemediationPlan}" width="10em" type="Number" tooltip="Only digits"/>
                        <Input value="{SocialModel>Results}" width="10em" type="Number" tooltip="Only digits"/>
                        <Input value="{SocialModel>sac}" width="10em" type="Number" tooltip="Only digits"/>
-->
                    <HBox>
                        <Text text="{SocialModel>Identifier}" width="12em" visible="{parts: [{path: 'SocialModel>isNewRow'}, {path: 'SocialModel>isEditableRow'}, {path: 'SocialModel>isExistingRow'}],
                                formatter: '.formatPKeyField'}" editable="false" />

                        <Input value="{SocialModel>Identifier}" width="12em" visible="{SocialModel>isNewRow}" />
                    </HBox>

                    <HBox>
                        <Text text="{SocialModel>NoOfIncidents}" width="10em" visible="{parts: [{path: 'SocialModel>isNewRow'}, {path: 'SocialModel>isEditableRow'}, {path: 'SocialModel>isExistingRow'}],
                                formatter: '.formatDisplayField'}" editable="false" />
                        <Input
                            value="{SocialModel>NoOfIncidents}"
                            width="10em"
                            type="Number"
                            tooltip="Only digits"
                            editable="true"
                            visible="{parts: [{path: 'SocialModel>isNewRow'}, {path: 'SocialModel>isEditableRow'}, {path: 'SocialModel>isExistingRow'}],
                                formatter: '.formatEditField'}"
                        />
                    </HBox>
                    <HBox>
                        <Text text="{SocialModel>ReviewedBy}" width="10em" visible="{parts: [{path: 'SocialModel>isNewRow'}, {path: 'SocialModel>isEditableRow'}, {path: 'SocialModel>isExistingRow'}],
                                formatter: '.formatDisplayField'}" editable="false" />
                        <Input
                            value="{SocialModel>ReviewedBy}"
                            width="10em"
                            type="Number"
                            tooltip="Only digits"
                            editable="true"
                            visible="{parts: [{path: 'SocialModel>isNewRow'}, {path: 'SocialModel>isEditableRow'}, {path: 'SocialModel>isExistingRow'}],
                                formatter: '.formatEditField'}"
                        />
                    </HBox>

                    <HBox>
                        <Text text="{SocialModel>RemediationPlan}" width="10em" visible="{parts: [{path: 'SocialModel>isNewRow'}, {path: 'SocialModel>isEditableRow'}, {path: 'SocialModel>isExistingRow'}],
                                formatter: '.formatDisplayField'}" editable="false" />
                        <Input
                            value="{SocialModel>RemediationPlan}"
                            width="10em"
                            type="Number"
                            tooltip="Only digits"
                            editable="true"
                            visible="{parts: [{path: 'SocialModel>isNewRow'}, {path: 'SocialModel>isEditableRow'}, {path: 'SocialModel>isExistingRow'}],
                                formatter: '.formatEditField'}"
                        />
                    </HBox>

                    <HBox>
                        <Text text="{SocialModel>Results}" width="10em" visible="{parts: [{path: 'SocialModel>isNewRow'}, {path: 'SocialModel>isEditableRow'}, {path: 'SocialModel>isExistingRow'}],
                                formatter: '.formatDisplayField'}" editable="false" />
                        <Input
                            value="{SocialModel>Results}"
                            width="10em"
                            type="Number"
                            tooltip="Only digits"
                            editable="true"
                            visible="{parts: [{path: 'SocialModel>isNewRow'}, {path: 'SocialModel>isEditableRow'}, {path: 'SocialModel>isExistingRow'}],
                                formatter: '.formatEditField'}"
                        />
                    </HBox>

                    <HBox>
                        <Text text="{SocialModel>sac}" width="10em" visible="{parts: [{path: 'SocialModel>isNewRow'}, {path: 'SocialModel>isEditableRow'}, {path: 'SocialModel>isExistingRow'}],
                                formatter: '.formatDisplayField'}" editable="false" />
                        <Input
                            value="{SocialModel>sac}"
                            width="10em"
                            type="Number"
                            tooltip="Only digits"
                            editable="true"
                            visible="{parts: [{path: 'SocialModel>isNewRow'}, {path: 'SocialModel>isEditableRow'}, {path: 'SocialModel>isExistingRow'}],
                                formatter: '.formatEditField'}"
                        />
                    </HBox>
                </cells>
            </ColumnListItem>
        </items>
    </Table>
</core:FragmentDefinition>
