{
  "controller/TrackerForm-dbg.controller.js": 1688992848911,
  "model/mock.json": 1688992848935,
  "utils/formatter.js": 1688992848935,
  "model/products.json": 1688992848935,
  "model/models.js": 1688992848935,
  "utils/locate-reuse-libs.js": 1688992848935,
  "model/formatter.js": 1688992848935,
  "model/Nodes.json": 1688992848935,
  "model/Clothing.json": 1688992848935,
  "controller/TrackerForm.controller.js": 1688992848911,
  "controller/Social.controller.js": 1690549670153,
  "controller/MiningForm.controller.js": 1688992848911,
  "controller/Login.controller.js": 1688992848911,
  "controller/Launchpad.controller.js": 1688992848911,
  "controller/HumanResource.controller.js": 1688992848911,
  "controller/Finance.controller.js": 1688992848907,
  "controller/Environment.controller.js": 1690344417203,
  "controller/Dashboard.controller.js": 1688992848907,
  "controller/BulkUpload.controller.js": 1688992848907,
  "controller/Admin.controller.js": 1690460571711,
  "manifest.json": 1690701407266,
  "Component.js": 1688992848907,
  "Component-dbg.js": 1688992848907,
  "Component.js.map": 1690701413900,
  "model/models-dbg.js": 1688992848935,
  "model/models.js.map": 1690701413991,
  "utils/locate-reuse-libs-dbg.js": 1688992848935,
  "utils/locate-reuse-libs.js.map": 1690701413980,
  "model/formatter-dbg.js": 1688992848935,
  "model/formatter.js.map": 1690701414011,
  "i18n/i18n.properties": 1688992848911,
  "controller/TrackerForm.controller.js.map": 1690701414393,
  "controller/Social-dbg.controller.js": 1690549670153,
  "controller/Social.controller.js.map": 1690701414599,
  "controller/MiningForm-dbg.controller.js": 1688992848911,
  "controller/MiningForm.controller.js.map": 1690701414513,
  "controller/Login-dbg.controller.js": 1688992848911,
  "controller/Login.controller.js.map": 1690701414024,
  "controller/Launchpad-dbg.controller.js": 1688992848911,
  "controller/Launchpad.controller.js.map": 1690701414173,
  "controller/HumanResource-dbg.controller.js": 1688992848911,
  "controller/HumanResource.controller.js.map": 1690701414317,
  "controller/Finance-dbg.controller.js": 1688992848907,
  "controller/Finance.controller.js.map": 1690701414372,
  "controller/Environment-dbg.controller.js": 1690344417203,
  "controller/Environment.controller.js.map": 1690701414921,
  "controller/Dashboard-dbg.controller.js": 1688992848907,
  "controller/Dashboard.controller.js.map": 1690701414405,
  "controller/BulkUpload-dbg.controller.js": 1688992848907,
  "controller/BulkUpload.controller.js.map": 1690701414409,
  "controller/Admin-dbg.controller.js": 1690460571711,
  "controller/Admin.controller.js.map": 1690701415005,
  "utils/formatter-dbg.js": 1688992848935,
  "utils/formatter.js.map": 1690701414525,
  "Component-preload.js": 1690701415697,
  "Component-preload.js.map": 1690701415698,
  "images/SDG/E-WEB-Goal-17.png": 1688992848931,
  "images/SDG/E-WEB-Goal-16.png": 1688992848927,
  "images/SDG/E-WEB-Goal-15.png": 1688992848927,
  "images/SDG/E-WEB-Goal-14.png": 1688992848927,
  "images/SDG/E-WEB-Goal-13.png": 1688992848927,
  "images/SDG/E-WEB-Goal-12.png": 1688992848927,
  "images/SDG/E-WEB-Goal-11.png": 1688992848927,
  "images/SDG/E-WEB-Goal-10.png": 1688992848927,
  "images/SDG/E-WEB-Goal-09.png": 1688992848927,
  "images/SDG/E-WEB-Goal-08.png": 1688992848927,
  "images/SDG/E-WEB-Goal-07.png": 1688992848927,
  "images/SDG/E-WEB-Goal-06.png": 1688992848923,
  "images/SDG/E-WEB-Goal-05.png": 1688992848923,
  "images/SDG/E-WEB-Goal-04.png": 1688992848923,
  "images/SDG/E-WEB-Goal-03.png": 1688992848923,
  "images/SDG/E-WEB-Goal-02.png": 1688992848923,
  "images/SDG/E-WEB-Goal-01.png": 1688992848923,
  "view/TrackerForm.view.xml": 1688992848939,
  "view/Social.view.xml": 1688992848939,
  "view/MiningForm.view.xml": 1688992848939,
  "view/Login.view.xml": 1688992848939,
  "view/Launchpad.view.xml": 1688992848939,
  "view/HumanResource.view.xml": 1688992848935,
  "view/Finance.view.xml": 1688992848935,
  "view/Environment.view.xml": 1689917801270,
  "view/Dashboard.view.xml": 1688992848935,
  "view/BulkUpload.view.xml": 1688992848935,
  "view/Admin.view.xml": 1690460598710,
  "model/metadata.xml": 1688992848935,
  "images/white.png": 1688992848935,
  "images/techM2.png": 1688992848935,
  "images/techM.png": 1688992848935,
  "images/sprout.png": 1688992848935,
  "images/saplogo.jpg": 1688992848935,
  "images/sap.png": 1688992848935,
  "images/report.jpg": 1688992848935,
  "images/one.jpg": 1688992848935,
  "images/officer.png": 1688992848935,
  "images/notifications.jpg": 1688992848935,
  "images/locatio.png": 1688992848935,
  "images/isustain.png": 1688992848935,
  "images/indirectpic.jpg": 1688992848935,
  "images/iSustainLogo_01.png": 1688992848935,
  "images/hravatar.png": 1688992848935,
  "images/hravatar.jpg": 1688992848935,
  "images/hr_imp.jpg": 1688992848935,
  "images/gear.png": 1688992848935,
  "images/finance.jpg": 1688992848935,
  "images/btp.jpg": 1688992848935,
  "images/avatar2.png": 1688992848935,
  "images/avatar1.png": 1688992848935,
  "images/avatar.png": 1688992848935,
  "images/admin.jpg": 1688992848935,
  "images/WaterDrop.png": 1688992848935,
  "images/Water.jpg": 1688992848931,
  "images/Waste.jpg": 1688992848931,
  "images/SocialIcon1.jpg": 1688992848931,
  "images/SocialIcon.jpg": 1688992848931,
  "images/Social2.png": 1688992848931,
  "images/Social2.jpg": 1688992848931,
  "images/Material.jpg": 1688992848923,
  "images/Login6.jpg": 1688992848923,
  "images/Login1.jpg": 1688992848923,
  "images/Login.jpg": 1688992848923,
  "images/Jack.png": 1688992848923,
  "images/JS1.png": 1688992848923,
  "images/JS.png": 1688992848923,
  "images/Icon1.png": 1688992848923,
  "images/Icon.png": 1688992848919,
  "images/IDEnergy.jpg": 1688992848919,
  "images/HealthyEnv.jpg": 1688992848919,
  "images/HR.jpg": 1688992848919,
  "images/GovernanceIcon.jpg": 1688992848919,
  "images/Governance1.png": 1688992848919,
  "images/Governance.png": 1688992848919,
  "images/Governance.jpg": 1688992848919,
  "images/Env1.jpg": 1688992848919,
  "images/EmissionsImg.png": 1688992848919,
  "images/Emission.jpg": 1688992848915,
  "images/DirectEng.jpg": 1688992848915,
  "images/DirectEnergy_3.jpg": 1688992848915,
  "images/DirectEnergy_2.jpg": 1688992848915,
  "images/DEnergy.jpg": 1688992848915,
  "images/BusinessService.jpg": 1688992848911,
  "fragment/filter.fragment.xml": 1688992848911,
  "fragment/ValueHelpDialog.fragment.xml": 1688992848911,
  "fragment/UOMConvTable.fragment.xml": 1688992848911,
  "fragment/UOM.fragment.xml": 1688992848911,
  "fragment/Table6.fragment.xml": 1688992848911,
  "fragment/SortDialog.fragment.xml": 1688992848911,
  "fragment/SocialTableL.fragment.xml": 1690553172781,
  "fragment/SocialTableK.fragment.xml": 1688992848911,
  "fragment/SocialTableJ.fragment.xml": 1688992848911,
  "fragment/SocialTableI.fragment.xml": 1688992848911,
  "fragment/SocialTableH.fragment.xml": 1688992848911,
  "fragment/SocialTableG.fragment.xml": 1688992848911,
  "fragment/SocialTableF.fragment.xml": 1688992848911,
  "fragment/SocialTableE.fragment.xml": 1688992848911,
  "fragment/SocialTableD.fragment.xml": 1688992848911,
  "fragment/SocialTableC.fragment.xml": 1688992848911,
  "fragment/SocialTableB.fragment.xml": 1688992848911,
  "fragment/SocialTableA.fragment.xml": 1688992848911,
  "fragment/SocialKPIList.fragment.xml": 1688992848911,
  "fragment/SearchBar.fragment.xml": 1688992848911,
  "fragment/MeasureConvTable.fragment.xml": 1688992848911,
  "fragment/GRIStd1.fragment.xml": 1689432149532,
  "fragment/GRIStd.fragment.xml": 1688992848911,
  "fragment/EnvTable5.fragment.xml": 1688992848911,
  "fragment/EnvTable4.fragment.xml": 1688992848911,
  "fragment/EnvTable3.fragment.xml": 1688992848911,
  "fragment/EnvTable2.fragment.xml": 1688992848911,
  "fragment/EnvTable.fragment.xml": 1689917689802,
  "fragment/Energy.fragment.xml": 1689840826490,
  "fragment/EmissionFactors.fragment.xml": 1688992848911,
  "fragment/EF_UserDefined.fragment.xml": 1688992848911,
  "fragment/DefraFilter.fragment.xml": 1688992848911,
  "fragment/Defra.fragment.xml": 1688992848911,
  "fragment/DataExtractionTemplate.fragment.xml": 1688992848911,
  "fragment/DataExtraction.fragment.xml": 1688992848911,
  "fragment/ConnectToLocalSystem.fragment.xml": 1688992848911,
  "documents/Water.pdf": 1688992848911,
  "documents/Template1.csv": 1688992848911,
  "documents/Table1.xlsx": 1688992848911,
  "documents/Sustainability_Report_1.csv": 1688992848911,
  "documents/Measures.xlsx": 1688992848911,
  "documents/InDirectEnergy.pdf": 1688992848911,
  "documents/Emission.pdf": 1688992848911,
  "documents/ENVIRONMENT_REPORT_PORTS.csv": 1688992848911,
  "documents/DirectEnergy.pdf": 1688992848911,
  "css/style.css": 1690553163877,
  "index.html": 1688992848935
}